Milieu,Région,Sexe,2025.0,2024.0,2023.0,2022.0,2021.0,2020.0,2019.0,2018.0,2017.0,2016.0,2015.0
Urbain,Tanger-Tétouan-Al Hoceïma,Masculin,10.7,12.1,12.1,11.8,13.4,11.5,9.2,8.4,9.1,12.0,14.8
Urbain,Tanger-Tétouan-Al Hoceïma,Féminin,20.6,21.7,21.0,21.6,22.4,23.9,22.8,20.5,22.3,24.8,23.0
Urbain,Tanger-Tétouan-Al Hoceïma,Total,13.0,14.3,14.1,14.1,15.5,14.1,11.9,10.6,11.5,14.2,16.3
Urbain,Oriental,Masculin,19.5,19.3,18.6,16.3,18.3,20.6,13.4,15.8,16.8,15.9,16.1
Urbain,Oriental,Féminin,41.2,36.0,33.7,32.6,31.9,32.9,27.3,31.6,37.2,33.5,29.9
Urbain,Oriental,Total,23.8,22.5,21.3,19.4,20.8,22.8,16.0,18.6,20.5,19.1,18.3
Urbain,Fès-Meknès,Masculin,15.3,15.6,16.5,15.1,15.8,14.1,10.4,10.8,11.9,10.7,11.2
Urbain,Fès-Meknès,Féminin,28.5,27.8,29.0,31.5,30.5,26.2,22.9,23.1,28.2,19.3,21.9
Urbain,Fès-Meknès,Total,18.5,18.5,19.3,18.7,18.9,16.6,12.9,14.4,15.0,12.2,13.3
Urbain,Rabat-Salé-Kénitra,Masculin,12.1,12.2,11.9,11.0,12.2,12.5,10.3,11.3,12.5,11.5,11.8
Urbain,Rabat-Salé-Kénitra,Féminin,23.8,23.7,21.6,21.9,23.1,24.0,23.3,24.6,27.0,22.2,19.6
Urbain,Rabat-Salé-Kénitra,Total,15.2,15.3,14.5,13.8,15.1,15.5,13.7,14.7,16.4,14.2,13.8
Urbain,Béni Mellal-Khénifra,Masculin,12.8,15.3,15.4,13.1,12.4,9.5,7.6,7.9,9.2,9.8,9.5
Urbain,Béni Mellal-Khénifra,Féminin,30.9,27.6,30.8,26.8,24.4,25.1,20.8,24.3,20.7,23.1,25.6
Urbain,Béni Mellal-Khénifra,Total,15.6,17.2,17.7,15.3,14.4,12.0,9.9,11.2,11.6,12.4,12.8
Urbain,Casablanca-settat,Masculin,15.3,16.1,16.2,14.6,16.1,14.4,11.0,11.2,12.6,11.0,12.4
Urbain,Casablanca-settat,Féminin,22.3,21.3,22.2,22.8,24.0,22.9,18.3,20.4,21.7,17.0,17.4
Urbain,Casablanca-settat,Total,17.2,17.5,17.8,16.7,18.2,16.6,13.0,13.6,14.9,12.3,13.6
Urbain,Marrakech-safi,Masculin,8.4,10.6,9.9,9.3,11.7,9.0,8.1,10.5,11.3,12.6,12.4
Urbain,Marrakech-safi,Féminin,21.9,21.9,20.8,21.4,22.0,16.5,16.4,20.2,21.5,20.1,20.3
Urbain,Marrakech-safi,Total,11.5,13.2,12.2,11.8,13.9,10.5,9.8,12.5,13.4,14.3,14.3
Urbain,Drâa-Tafilalet,Masculin,8.9,10.8,14.2,10.4,13.5,10.7,6.6,8.8,8.5,13.7,14.0
Urbain,Drâa-Tafilalet,Féminin,27.9,32.1,33.5,29.6,26.6,24.3,25.8,21.8,20.7,28.6,27.8
Urbain,Drâa-Tafilalet,Total,12.4,14.9,18.0,13.8,16.0,12.9,9.6,11.0,10.5,16.7,16.3
Urbain,Souss-Massa,Masculin,10.0,11.5,12.8,11.5,12.0,12.4,10.8,10.6,10.6,11.1,11.9
Urbain,Souss-Massa,Féminin,25.1,26.5,27.1,25.4,24.6,23.0,20.3,22.1,21.9,25.9,27.7
Urbain,Souss-Massa,Total,13.1,14.6,15.5,13.9,14.4,14.4,12.7,12.9,12.8,13.9,14.9
Urbain,Régions du Sud,Masculin,18.0,18.6,16.5,16.3,16.1,15.7,12.6,10.5,9.8,12.4,14.7
Urbain,Régions du Sud,Féminin,57.1,57.6,52.2,52.2,52.7,57.1,53.8,49.9,47.8,43.6,42.3
Urbain,Régions du Sud,Total,25.9,25.7,22.8,22.9,22.9,22.8,19.7,17.8,16.8,19.9,19.5
Urbain,Ensemble,Masculin,13.4,0.0,14.4,13.1,14.4,13.3,10.3,10.9,11.8,11.7,12.6
Urbain,Ensemble,Féminin,26.0,0.0,25.0,25.2,25.6,24.7,21.8,23.9,25.0,22.1,21.7
Urbain,Ensemble,Total,16.4,16.9,16.8,15.8,16.9,15.8,12.9,13.8,14.7,13.9,14.6
Rural,Tanger-Tétouan-Al Hoceïma,Masculin,3.7,4.5,5.1,4.1,3.7,4.8,3.8,6.3,4.3,4.5,5.1
Rural,Tanger-Tétouan-Al Hoceïma,Féminin,4.3,3.5,2.3,2.1,2.1,4.5,,3.6,2.2,2.8,1.5
Rural,Tanger-Tétouan-Al Hoceïma,Total,3.9,4.2,4.2,3.4,3.2,4.7,3.6,3.6,3.9,4.1,4.4
Rural,Oriental,Masculin,15.2,16.4,16.1,12.8,12.8,17.8,10.5,3.6,11.7,11.4,11.7
Rural,Oriental,Féminin,31.5,14.4,10.0,10.6,7.4,,,10.5,7.9,8.8,5.1
Rural,Oriental,Total,17.2,16.1,15.2,12.4,11.9,15.9,9.2,5.0,11.0,10.8,10.0
Rural,Fès-Meknès,Masculin,8.5,7.0,5.5,5.8,4.7,6.9,3.1,9.7,3.4,3.7,4.6
Rural,Fès-Meknès,Féminin,10.3,7.7,5.3,3.7,4.8,5.0,2.6,3.1,2.0,1.0,1.7
Rural,Fès-Meknès,Total,8.9,7.2,5.5,5.3,4.9,6.5,3.0,1.7,3.0,2.8,3.6
Rural,Rabat-Salé-Kénitra,Masculin,5.7,4.8,4.4,4.1,5.3,6.1,3.8,2.8,5.6,5.9,3.8
Rural,Rabat-Salé-Kénitra,Féminin,6.5,7.1,3.8,4.5,4.9,7.0,4.4,4.7,5.4,2.7,3.0
Rural,Rabat-Salé-Kénitra,Total,5.8,5.2,4.3,4.2,5.3,6.3,3.9,3.4,5.6,4.9,3.5
Rural,Béni Mellal-Khénifra,Masculin,6.9,8.2,8.8,7.2,6.4,4.7,1.8,4.3,2.1,4.2,2.5
Rural,Béni Mellal-Khénifra,Féminin,6.0,6.6,5.9,3.1,3.0,,2.1,2.0,1.7,1.2,1.7
Rural,Béni Mellal-Khénifra,Total,6.8,8.0,8.2,6.3,5.5,3.8,1.9,1.4,2.0,3.2,2.2
Rural,Casablanca-settat,Masculin,5.9,6.8,6.8,5.6,4.9,5.4,2.8,1.8,3.1,4.5,4.7
Rural,Casablanca-settat,Féminin,6.5,6.3,3.8,3.3,2.9,2.2,2.4,2.3,2.6,2.9,1.9
Rural,Casablanca-settat,Total,6.0,6.7,6.1,5.0,4.3,3.8,2.7,1.4,2.9,3.9,3.7
Rural,Marrakech-safi,Masculin,4.8,5.3,3.9,3.1,3.3,4.8,3.3,2.0,3.3,3.3,3.0
Rural,Marrakech-safi,Féminin,7.8,6.0,5.0,3.3,2.8,2.5,,3.3,2.0,1.2,1.4
Rural,Marrakech-safi,Total,5.3,5.4,4.1,3.2,3.2,3.8,2.9,1.8,3.0,2.6,2.5
Rural,Drâa-Tafilalet,Masculin,5.8,9.1,8.6,8.5,7.5,8.0,4.2,2.9,3.9,4.7,6.1
Rural,Drâa-Tafilalet,Féminin,7.2,7.0,8.6,5.3,4.1,4.6,,3.0,3.9,1.4,1.0
Rural,Drâa-Tafilalet,Total,6.2,8.5,8.6,7.6,6.4,7.0,3.8,2.4,3.9,3.3,3.9
Rural,Souss-Massa,Masculin,5.7,6.5,8.9,6.2,6.3,8.8,7.7,2.7,7.1,5.8,7.9
Rural,Souss-Massa,Féminin,11.5,12.2,13.4,8.9,4.6,3.6,3.3,7.3,2.4,2.7,2.1
Rural,Souss-Massa,Total,6.6,7.3,9.5,6.6,5.9,7.5,6.5,4.0,5.6,4.7,5.7
Rural,Régions du Sud,Masculin,,,7.7,8.1,,,,6.3,2.1,12.7,10.5
Rural,Régions du Sud,Féminin,,,33.8,,22.6,19.4,,22.6,16.5,8.5,7.9
Rural,Régions du Sud,Total,,8.3,11.0,10.3,10.5,10.0,7.1,6.7,4.5,11.2,9.5
Rural,Ensemble,Masculin,6.3,0.0,6.5,5.6,5.3,6.6,4.0,3.9,4.3,,5.1
Rural,Ensemble,Féminin,8.1,0.0,5.5,4.1,3.8,3.9,2.7,2.6,3.1,2.4,2.1
Rural,Ensemble,Total,6.6,6.8,6.3,5.2,5.0,5.9,3.7,3.6,4.0,4.2,4.1
National,Tanger-Tétouan-Al Hoceïma,Masculin,8.1,9.2,9.4,8.8,9.6,8.9,7.1,6.7,7.0,8.6,10.4
National,Tanger-Tétouan-Al Hoceïma,Féminin,13.3,13.3,12.3,12.0,12.5,16.1,14.7,13.0,13.3,13.8,12.3
National,Tanger-Tétouan-Al Hoceïma,Total,9.4,10.2,10.1,9.7,10.8,10.4,8.6,7.5,8.2,9.6,10.7
National,Oriental,Masculin,18.4,18.5,17.9,15.3,16.7,19.7,12.4,13.9,15.0,14.2,14.4
National,Oriental,Féminin,39.5,32.1,28.1,27.1,24.7,25.4,19.8,23.5,26.6,21.8,17.2
National,Oriental,Total,22.1,20.9,19.6,17.4,18.1,20.7,13.8,15.6,17.1,15.7,15.0
National,Fès-Meknès,Masculin,12.9,12.5,12.4,11.6,11.5,11.3,7.5,7.6,8.2,7.5,8.3
National,Fès-Meknès,Féminin,22.5,21.2,20.4,19.9,19.7,16.7,13.2,15.5,14.1,7.7,9.3
National,Fès-Meknès,Total,15.1,14.4,14.2,13.5,13.4,12.5,8.7,9.3,9.5,7.6,8.6
National,Rabat-Salé-Kénitra,Masculin,10.2,10.1,9.7,8.9,10.1,10.5,8.2,9.2,10.3,9.5,9.0
National,Rabat-Salé-Kénitra,Féminin,20.9,20.5,17.6,17.7,18.8,19.7,17.7,17.8,20.0,14.2,12.6
National,Rabat-Salé-Kénitra,Total,12.7,12.6,11.6,11.0,12.2,12.7,10.7,11.4,12.9,10.8,10.0
National,Béni Mellal-Khénifra,Masculin,9.9,11.8,12.0,10.2,9.3,6.9,4.6,4.8,5.4,6.8,5.8
National,Béni Mellal-Khénifra,Féminin,17.6,16.2,16.6,11.9,10.4,9.2,7.8,8.7,7.7,7.7,8.5
National,Béni Mellal-Khénifra,Total,11.2,12.5,12.8,10.5,9.6,7.4,5.4,5.8,6.1,7.1,6.6
National,Casablanca-settat,Masculin,13.0,13.8,13.9,12.3,13.2,12.1,8.8,8.7,9.9,8.9,9.9
National,Casablanca-settat,Féminin,19.4,18.2,18.3,17.8,18.2,16.9,13.1,13.8,14.9,10.6,10.4
National,Casablanca-settat,Total,14.6,15.0,15.0,13.8,14.6,13.4,10.0,10.2,11.3,9.3,10.0
National,Marrakech-safi,Masculin,6.4,7.6,6.4,5.7,6.8,6.5,5.3,6.4,6.6,7.5,7.2
National,Marrakech-safi,Féminin,15.9,15.1,13.0,11.7,11.0,8.3,7.2,8.8,9.2,7.2,7.6
National,Marrakech-safi,Total,8.1,8.9,7.7,6.9,7.6,6.9,5.7,6.9,7.2,7.4,7.4
National,Drâa-Tafilalet,Masculin,7.0,9.8,10.7,9.2,9.7,9.0,5.0,5.1,5.5,7.8,8.9
National,Drâa-Tafilalet,Féminin,12.5,13.6,15.5,11.3,9.3,8.9,7.2,5.7,7.3,5.5,4.2
National,Drâa-Tafilalet,Total,8.4,10.7,11.9,9.7,9.6,8.9,5.6,5.3,6.0,6.9,7.2
National,Souss-Massa,Masculin,8.6,9.8,11.4,9.6,9.9,11.1,9.6,9.4,9.3,8.6,10.0
National,Souss-Massa,Féminin,21.8,23.0,23.7,20.4,16.6,14.4,12.4,12.4,11.3,9.9,10.2
National,Souss-Massa,Total,11.1,12.3,13.5,11.4,11.3,11.8,10.3,10.1,9.8,9.0,10.1
National,Régions du Sud,Masculin,15.7,15.6,14.5,14.4,14.2,13.9,10.7,8.4,7.4,12.5,13.6
National,Régions du Sud,Féminin,53.5,54.9,49.1,48.7,45.9,47.5,39.8,42.1,39.0,27.4,25.9
National,Régions du Sud,Total,22.8,22.2,20.3,20.1,20.1,19.8,16.3,14.7,13.1,15.9,16.5
National,Ensemble,Masculin,10.8,0.0,11.5,10.3,10.8,10.7,7.8,8.1,8.8,8.9,9.4
National,Ensemble,Féminin,20.5,0.0,18.3,17.2,16.8,16.2,13.5,14.1,14.7,10.9,10.5
National,Ensemble,Total,13.0,13.3,13.0,11.8,12.3,11.9,9.2,9.5,10.2,9.4,9.7
